"ID","HexID","Name","Offset","Unknown1","Length","Unknown2","Unknown3","Unknown4","Unknown5"
"5","0x0005","FLOATORS","0x00077596","0x00000000","0x000000A1","0x00000000","0x00000000","0x00000000","0x00000000"
"37","0x0025","FLOOR","0x00077643","0x00000000","0x00000099","0x00000000","0x00000000","0x00000000","0x00000000"
"38","0x0026","SGARGL","0x000ED65E","0x00000000","0x000000AC","0x00000000","0x00000000","0x00000000","0x00000000"
"44","0x002C","AMOSTAT","0x000095EB","0x00000000","0x000000D7","0x00000000","0x00000000","0x00000000","0x00000000"
"57","0x0039","BRANCHES","0x000416A0","0x00000000","0x000000A8","0x00000000","0x00000000","0x00000000","0x00000000"
"59","0x003B","LITZAPEW","0x000A9C30","0x00000000","0x00000261","0x00000000","0x00000000","0x00000000","0x00000000"
"64","0x0040","MAGARMR2","0x000AF50B","0x00000000","0x000000AF","0x00000000","0x00000000","0x00000000","0x00000000"
"65","0x0041","MUSHROOM","0x000B8F0F","0x00000000","0x000000AD","0x00000000","0x00000000","0x00000000","0x00000000"
"67","0x0043","LAMPPOST","0x000A6B20","0x00000000","0x000000A8","0x00000000","0x00000000","0x00000000","0x00000000"
"68","0x0044","DOOR_NS","0x00067992","0x00000000","0x00000CD7","0x00000000","0x00000000","0x00000000","0x00000000"
"69","0x0045","DOOR_EW","0x000678B6","0x00000000","0x000000D0","0x00000000","0x00000000","0x00000000","0x00000000"
"74","0x004A","BIGUGLY","0x0002E20F","0x00000000","0x000000A8","0x00000000","0x00000000","0x00000000","0x00000000"
"75","0x004B","TREE","0x0010FAF3","0x00000000","0x000000A8","0x00000000","0x00000000","0x00000000","0x00000000"
"76","0x004C","KITH","0x0009F93A","0x00000000","0x000000A8","0x00000000","0x00000000","0x00000000","0x00000000"
"78","0x004E","CHEST_EW","0x000477F8","0x00000000","0x0000016F","0x00000000","0x00000000","0x00000000","0x00000000"
"79","0x004F","KEYRING","0x0009B1A4","0x00000000","0x000005F9","0x00000000","0x00000000","0x00000000","0x00000000"
"80","0x0050","HYDROS","0x00093465","0x00000000","0x0000155F","0x00000000","0x00000000","0x00000000","0x00000000"
"81","0x0051","FISH","0x00076A29","0x00000000","0x000000A8","0x00000000","0x00000000","0x00000000","0x00000000"
"82","0x0052","KEY","0x0009A34F","0x00000000","0x000004D8","0x00000000","0x00000000","0x00000000","0x00000000"
"83","0x0053","TROLL","0x00110444","0x00000000","0x000000A9","0x00000000","0x00000000","0x00000000","0x00000000"
"96","0x0060","DEMON","0x000620AC","0x00000000","0x000000AA","0x00000000","0x00000000","0x00000000","0x00000000"
"97","0x0061","TORAN","0x0010B7FE","0x00000000","0x000000AA","0x00000000","0x00000000","0x00000000","0x00000000"
"109","0x006D","PYROS","0x000DC21C","0x00000000","0x00004837","0x00000000","0x00000000","0x00000000","0x00000000"
"111","0x006F","LAVA","0x000A6D16","0x00000000","0x000001B7","0x00000000","0x00000000","0x00000000","0x00000000"
"115","0x0073","BARREL","0x0001EA5F","0x00000000","0x000000E0","0x00000000","0x00000000","0x00000000","0x00000000"
"116","0x0074","JBOX","0x00094C0D","0x00000000","0x000000E5","0x00000000","0x00000000","0x00000000","0x00000000"
"117","0x0075","CHEST_NS","0x00047973","0x00000000","0x0000016F","0x00000000","0x00000000","0x00000000","0x00000000"
"119","0x0077","SKELETON","0x000F5D29","0x00000000","0x000000AC","0x00000000","0x00000000","0x00000000","0x00000000"
"120","0x0078","TORAX","0x0010B8B4","0x00000000","0x000000A9","0x00000000","0x00000000","0x00000000","0x00000000"
"123","0x007B","DART","0x00061304","0x00000000","0x000004B8","0x00000000","0x00000000","0x00000000","0x00000000"
"124","0x007C","PENT","0x000D2176","0x00000000","0x000053B1","0x00000000","0x00000000","0x00000000","0x00000000"
"129","0x0081","ODISTAT","0x000C6227","0x00000000","0x000000D4","0x00000000","0x00000000","0x00000000","0x00000000"
"142","0x008E","GHOUL","0x0007BF9C","0x00000000","0x000000A9","0x00000000","0x00000000","0x00000000","0x00000000"
"143","0x008F","COINS","0x00048F92","0x00000000","0x0000011F","0x00000000","0x00000000","0x00000000","0x00000000"
"159","0x009F","BASESCRL","0x0002094D","0x00000000","0x0000050D","0x00000000","0x00000000","0x00000000","0x00000000"
"166","0x00A6","FIRESTRM","0x0007663B","0x00000000","0x0000009F","0x00000000","0x00000000","0x00000000","0x00000000"
"175","0x00AF","BEDNS","0x000213FE","0x00000000","0x00000261","0x00000000","0x00000000","0x00000000","0x00000000"
"176","0x00B0","POTSPANS","0x000DBE5C","0x00000000","0x000000A7","0x00000000","0x00000000","0x00000000","0x00000000"
"177","0x00B1","KEGEW","0x0009A1E9","0x00000000","0x000000A7","0x00000000","0x00000000","0x00000000","0x00000000"
"178","0x00B2","TANKARD","0x00106147","0x00000000","0x000000AB","0x00000000","0x00000000","0x00000000","0x00000000"
"179","0x00B3","SPOUT","0x000FA2FE","0x00000000","0x000000A9","0x00000000","0x00000000","0x00000000","0x00000000"
"180","0x00B4","BOTTLE","0x00040D31","0x00000000","0x00000963","0x00000000","0x00000000","0x00000000","0x00000000"
"181","0x00B5","TABLWARE","0x00105E38","0x00000000","0x000000AD","0x00000000","0x00000000","0x00000000","0x00000000"
"182","0x00B6","CUP","0x0004F86E","0x00000000","0x000000A7","0x00000000","0x00000000","0x00000000","0x00000000"
"183","0x00B7","JUG","0x0009A136","0x00000000","0x000000A7","0x00000000","0x00000000","0x00000000","0x00000000"
"184","0x00B8","AGWARE","0x00005069","0x00000000","0x000000AE","0x00000000","0x00000000","0x00000000","0x00000000"
"185","0x00B9","BASKET","0x00020E66","0x00000000","0x000000E0","0x00000000","0x00000000","0x00000000","0x00000000"
"186","0x00BA","FROCK","0x0007B7A4","0x00000000","0x000000A4","0x00000000","0x00000000","0x00000000","0x00000000"
"196","0x00C4","BEDEW","0x00021191","0x00000000","0x00000261","0x00000000","0x00000000","0x00000000","0x00000000"
"197","0x00C5","GRAVE_NS","0x00081861","0x00000000","0x0000166E","0x00000000","0x00000000","0x00000000","0x00000000"
"198","0x00C6","PLATE","0x000DAAB0","0x00000000","0x000004D3","0x00000000","0x00000000","0x00000000","0x00000000"
"199","0x00C7","GREENTRE","0x00082EDB","0x00000000","0x000000A8","0x00000000","0x00000000","0x00000000","0x00000000"
"203","0x00CB","CODNS","0x00048E9C","0x00000000","0x000000EA","0x00000000","0x00000000","0x00000000","0x00000000"
"204","0x00CC","CODEW","0x00048DA6","0x00000000","0x000000EA","0x00000000","0x00000000","0x00000000","0x00000000"
"205","0x00CD","DESKEW","0x00062162","0x00000000","0x000000DE","0x00000000","0x00000000","0x00000000","0x00000000"
"206","0x00CE","ALTAR_EW","0x0000929E","0x00000000","0x00000341","0x00000000","0x00000000","0x00000000","0x00000000"
"208","0x00D0","DESKNS","0x0006224C","0x00000000","0x000000DE","0x00000000","0x00000000","0x00000000","0x00000000"
"209","0x00D1","WOUNDTOR","0x00124A86","0x00000000","0x000001A8","0x00000000","0x00000000","0x00000000","0x00000000"
"214","0x00D6","GOLEM","0x0007C6D6","0x00000000","0x00000436","0x00000000","0x00000000","0x00000000","0x00000000"
"215","0x00D7","MARBLE","0x000B0E77","0x00000000","0x000002A8","0x00000000","0x00000000","0x00000000","0x00000000"
"216","0x00D8","LIGHT","0x000A8811","0x00000000","0x0000020A","0x00000000","0x00000000","0x00000000","0x00000000"
"217","0x00D9","MUSHCAP","0x000B8D02","0x00000000","0x000000AD","0x00000000","0x00000000","0x00000000","0x00000000"
"218","0x00DA","DEADNS","0x00061A74","0x00000000","0x00000123","0x00000000","0x00000000","0x00000000","0x00000000"
"219","0x00DB","DEADEW","0x00061944","0x00000000","0x00000124","0x00000000","0x00000000","0x00000000","0x00000000"
"221","0x00DD","SCHAIR","0x000EA00F","0x00000000","0x000000AF","0x00000000","0x00000000","0x00000000","0x00000000"
"222","0x00DE","CHAIR","0x0004771D","0x00000000","0x000000CF","0x00000000","0x00000000","0x00000000","0x00000000"
"223","0x00DF","WTHRONE","0x00124DDE","0x00000000","0x000000B1","0x00000000","0x00000000","0x00000000","0x00000000"
"224","0x00E0","CAULDRON","0x0004703C","0x00000000","0x000000AC","0x00000000","0x00000000","0x00000000","0x00000000"
"225","0x00E1","WTABLE","0x00124C3A","0x00000000","0x000000C6","0x00000000","0x00000000","0x00000000","0x00000000"
"226","0x00E2","WBENCH","0x0012449D","0x00000000","0x000000C6","0x00000000","0x00000000","0x00000000","0x00000000"
"227","0x00E3","HOURGLAS","0x000930C0","0x00000000","0x00000292","0x00000000","0x00000000","0x00000000","0x00000000"
"228","0x00E4","FLASK","0x0007722B","0x00000000","0x0000027A","0x00000000","0x00000000","0x00000000","0x00000000"
"229","0x00E5","VASE","0x00119522","0x00000000","0x000000A8","0x00000000","0x00000000","0x00000000","0x00000000"
"231","0x00E7","BENCHEW","0x00021A49","0x00000000","0x000000C6","0x00000000","0x00000000","0x00000000","0x00000000"
"232","0x00E8","KEYONEC","0x0009A833","0x00000000","0x00000965","0x00000000","0x00000000","0x00000000","0x00000000"
"234","0x00EA","NSSPAINT","0x000C5EB6","0x00000000","0x000000AC","0x00000000","0x00000000","0x00000000","0x00000000"
"235","0x00EB","BONES","0x0002F04C","0x00000000","0x0000012C","0x00000000","0x00000000","0x00000000","0x00000000"
"236","0x00EC","EWSPAINT","0x0006ECDE","0x00000000","0x000000AD","0x00000000","0x00000000","0x00000000","0x00000000"
"237","0x00ED","BONES2","0x0002F184","0x00000000","0x00000122","0x00000000","0x00000000","0x00000000","0x00000000"
"238","0x00EE","NSBPAINT","0x000C58BC","0x00000000","0x000000AC","0x00000000","0x00000000","0x00000000","0x00000000"
"239","0x00EF","EWBPAINT","0x0006E798","0x00000000","0x000000AC","0x00000000","0x00000000","0x00000000","0x00000000"
"241","0x00F1","MACE","0x000AEEED","0x00000000","0x000000A8","0x00000000","0x00000000","0x00000000","0x00000000"
"243","0x00F3","SWORD","0x00105CCA","0x00000000","0x000000A9","0x00000000","0x00000000","0x00000000","0x00000000"
"244","0x00F4","AXE","0x00016E5B","0x00000000","0x000000A7","0x00000000","0x00000000","0x00000000","0x00000000"
"245","0x00F5","DAGGER","0x0005A924","0x00000000","0x000000AA","0x00000000","0x00000000","0x00000000","0x00000000"
"256","0x0100","FISH2","0x00076ADD","0x00000000","0x000000A8","0x00000000","0x00000000","0x00000000","0x00000000"
"258","0x0102","LOTHCORP","0x000AEC87","0x00000000","0x000000AA","0x00000000","0x00000000","0x00000000","0x00000000"
"259","0x0103","GARGOYLE","0x0007B9BE","0x00000000","0x000000AC","0x00000000","0x00000000","0x00000000","0x00000000"
"263","0x0107","DTABLE","0x0006881D","0x00000000","0x000000A9","0x00000000","0x00000000","0x00000000","0x00000000"
"264","0x0108","SPIKY","0x000F9D8B","0x00000000","0x000002E7","0x00000000","0x00000000","0x00000000","0x00000000"
"267","0x010B","CAMPFIRE","0x000466AF","0x00000000","0x000001FB","0x00000000","0x00000000","0x00000000","0x00000000"
"268","0x010C","EWSHFSID","0x0006EC29","0x00000000","0x000000A9","0x00000000","0x00000000","0x00000000","0x00000000"
"269","0x010D","THURGIST","0x0010AD87","0x00000000","0x0000085B","0x00000000","0x00000000","0x00000000","0x00000000"
"273","0x0111","TROUGHNS","0x00110669","0x00000000","0x000000AA","0x00000000","0x00000000","0x00000000","0x00000000"
"274","0x0112","TROUGHEW","0x001105B3","0x00000000","0x000000AA","0x00000000","0x00000000","0x00000000","0x00000000"
"275","0x0113","STATUE","0x000FAB74","0x00000000","0x000000AA","0x00000000","0x00000000","0x00000000","0x00000000"
"276","0x0114","FIREPLEW","0x00072FDD","0x00000000","0x000000E3","0x00000000","0x00000000","0x00000000","0x00000000"
"277","0x0115","FIREPLNS","0x000730CC","0x00000000","0x000000E3","0x00000000","0x00000000","0x00000000","0x00000000"
"278","0x0116","WINCHNS","0x00124849","0x00000000","0x00000178","0x00000000","0x00000000","0x00000000","0x00000000"
"279","0x0117","WINCHEW","0x001246C5","0x00000000","0x00000178","0x00000000","0x00000000","0x00000000","0x00000000"
"280","0x0118","OVEN","0x000D1F53","0x00000000","0x000000A8","0x00000000","0x00000000","0x00000000","0x00000000"
"281","0x0119","WTABLEEW","0x00124D0C","0x00000000","0x000000C6","0x00000000","0x00000000","0x00000000","0x00000000"
"283","0x011B","EWSHELF","0x0006EB74","0x00000000","0x000000A9","0x00000000","0x00000000","0x00000000","0x00000000"
"284","0x011C","PLATEFOO","0x000DAF8F","0x00000000","0x00000130","0x00000000","0x00000000","0x00000000","0x00000000"
"288","0x0120","GRIMOIRE","0x000831EC","0x00000000","0x0000195A","0x00000000","0x00000000","0x00000000","0x00000000"
"289","0x0121","IRONMAN","0x00094B51","0x00000000","0x000000B0","0x00000000","0x00000000","0x00000000","0x00000000"
"306","0x0132","WARDNS","0x00123C1D","0x00000000","0x000000E2","0x00000000","0x00000000","0x00000000","0x00000000"
"307","0x0133","WARDEW","0x00123B2F","0x00000000","0x000000E2","0x00000000","0x00000000","0x00000000","0x00000000"
"308","0x0134","CUFFS","0x0004F7B7","0x00000000","0x000000AB","0x00000000","0x00000000","0x00000000","0x00000000"
"309","0x0135","TORTRACK","0x0010BC4E","0x00000000","0x000000B0","0x00000000","0x00000000","0x00000000","0x00000000"
"310","0x0136","TORTCHAR","0x0010BB91","0x00000000","0x000000B1","0x00000000","0x00000000","0x00000000","0x00000000"
"314","0x013A","LAMP1","0x000A6804","0x00000000","0x000000E8","0x00000000","0x00000000","0x00000000","0x00000000"
"317","0x013D","LAMP2","0x000A68F8","0x00000000","0x000000E8","0x00000000","0x00000000","0x00000000","0x00000000"
"318","0x013E","FIREPIT","0x00072D12","0x00000000","0x00000206","0x00000000","0x00000000","0x00000000","0x00000000"
"319","0x013F","MIR","0x000B4B38","0x00000000","0x000000AA","0x00000000","0x00000000","0x00000000","0x00000000"
"320","0x0140","BELLOWS","0x000218E1","0x00000000","0x0000015C","0x00000000","0x00000000","0x00000000","0x00000000"
"323","0x0143","LOOM","0x000AEA7B","0x00000000","0x0000014A","0x00000000","0x00000000","0x00000000","0x00000000"
"324","0x0144","WOOL","0x001249CD","0x00000000","0x000000AD","0x00000000","0x00000000","0x00000000","0x00000000"
"325","0x0145","FTABLENS","0x0007B909","0x00000000","0x000000A9","0x00000000","0x00000000","0x00000000","0x00000000"
"326","0x0146","FTABLEEW","0x0007B854","0x00000000","0x000000A9","0x00000000","0x00000000","0x00000000","0x00000000"
"327","0x0147","NITSTAND","0x000C5761","0x00000000","0x000000AE","0x00000000","0x00000000","0x00000000","0x00000000"
"328","0x0148","TAPESTEW","0x001061FE","0x00000000","0x000000AC","0x00000000","0x00000000","0x00000000","0x00000000"
"329","0x0149","TAPESTNS","0x001062B6","0x00000000","0x000000AC","0x00000000","0x00000000","0x00000000","0x00000000"
"330","0x014A","STALAG","0x000FA71F","0x00000000","0x00000254","0x00000000","0x00000000","0x00000000","0x00000000"
"331","0x014B","SKULZ","0x000F619D","0x00000000","0x000000A9","0x00000000","0x00000000","0x00000000","0x00000000"
"332","0x014C","BONES3","0x0002F2B2","0x00000000","0x00000125","0x00000000","0x00000000","0x00000000","0x00000000"
"333","0x014D","FLOUR","0x000778D5","0x00000000","0x000000B1","0x00000000","0x00000000","0x00000000","0x00000000"
"336","0x0150","COBWEB","0x00048D05","0x00000000","0x00000095","0x00000000","0x00000000","0x00000000","0x00000000"
"338","0x0152","WEB","0x0012456F","0x00000000","0x00000095","0x00000000","0x00000000","0x00000000","0x00000000"
"340","0x0154","TDOOR_NS","0x0010A8EF","0x00000000","0x000000D0","0x00000000","0x00000000","0x00000000","0x00000000"
"342","0x0156","TDOOR_EW","0x0010A813","0x00000000","0x000000D0","0x00000000","0x00000000","0x00000000","0x00000000"
"346","0x015A","LOGO","0x000AE7CC","0x00000000","0x00000202","0x00000000","0x00000000","0x00000000","0x00000000"
"347","0x015B","CLRWATER","0x00048C56","0x00000000","0x000000A3","0x00000000","0x00000000","0x00000000","0x00000000"
"348","0x015C","DRIPS","0x00068675","0x00000000","0x000000C8","0x00000000","0x00000000","0x00000000","0x00000000"
"350","0x015E","GRAVE_EW","0x0008178A","0x00000000","0x000000CB","0x00000000","0x00000000","0x00000000","0x00000000"
"357","0x0165","TROODLE","0x001104F9","0x00000000","0x000000AE","0x00000000","0x00000000","0x00000000","0x00000000"
"358","0x0166","BONES4","0x0002F3E3","0x00000000","0x00000127","0x00000000","0x00000000","0x00000000","0x00000000"
"359","0x0167","LEGS","0x000A7BAE","0x00000000","0x000000A8","0x00000000","0x00000000","0x00000000","0x00000000"
"360","0x0168","TORSO","0x0010BAD2","0x00000000","0x000000B3","0x00000000","0x00000000","0x00000000","0x00000000"
"366","0x016E","HEAD","0x00092DF3","0x00000000","0x000000E2","0x00000000","0x00000000","0x00000000","0x00000000"
"372","0x0174","ARMLEFT","0x000128D8","0x00000000","0x000000E2","0x00000000","0x00000000","0x00000000","0x00000000"
"373","0x0175","ARMRIGHT","0x00012A7B","0x00000000","0x000000E2","0x00000000","0x00000000","0x00000000","0x00000000"
"374","0x0176","LEGLEFT","0x000A79D2","0x00000000","0x000000E2","0x00000000","0x00000000","0x00000000","0x00000000"
"375","0x0177","ABACUS","0x00004E63","0x00000000","0x00000153","0x00000000","0x00000000","0x00000000","0x00000000"
"376","0x0178","FENALIA","0x0007099A","0x00000000","0x000003A8","0x00000000","0x00000000","0x00000000","0x00000000"
"378","0x017A","SALKLOG","0x000E93C1","0x00000000","0x00000C42","0x00000000","0x00000000","0x00000000","0x00000000"
"385","0x0181","STRATOS","0x00104683","0x00000000","0x00001586","0x00000000","0x00000000","0x00000000","0x00000000"
"390","0x0186","LEGRIGHT","0x000A7AC0","0x00000000","0x000000E2","0x00000000","0x00000000","0x00000000","0x00000000"
"395","0x018B","ERTHREAG","0x0006BDBF","0x00000000","0x00000310","0x00000000","0x00000000","0x00000000","0x00000000"
"396","0x018C","AIRFOCUS","0x00005123","0x00000000","0x0000058D","0x00000000","0x00000000","0x00000000","0x00000000"
"397","0x018D","FIREITEM","0x00072149","0x00000000","0x00000A75","0x00000000","0x00000000","0x00000000","0x00000000"
"398","0x018E","FIREREAG","0x00073590","0x00000000","0x000001A9","0x00000000","0x00000000","0x00000000","0x00000000"
"399","0x018F","ETHEREAG","0x0006D4D5","0x00000000","0x0000032B","0x00000000","0x00000000","0x00000000","0x00000000"
"400","0x0190","FIREFELD","0x00071D41","0x00000000","0x00000342","0x00000000","0x00000000","0x00000000","0x00000000"
"406","0x0196","BIGWEBEW","0x0002E2C3","0x00000000","0x00000095","0x00000000","0x00000000","0x00000000","0x00000000"
"408","0x0198","BIGWEBNS","0x0002E364","0x00000000","0x00000095","0x00000000","0x00000000","0x00000000","0x00000000"
"409","0x0199","CLRLAVA","0x00048906","0x00000000","0x00000344","0x00000000","0x00000000","0x00000000","0x00000000"
"411","0x019B","GHOST","0x0007BCB1","0x00000000","0x000000A9","0x00000000","0x00000000","0x00000000","0x00000000"
"413","0x019D","GHOSTHED","0x0007BEE2","0x00000000","0x000000AE","0x00000000","0x00000000","0x00000000","0x00000000"
"417","0x01A1","MACE2","0x000AEFA1","0x00000000","0x000000A8","0x00000000","0x00000000","0x00000000","0x00000000"
"418","0x01A2","DAGGER2","0x0005A9DA","0x00000000","0x00000240","0x00000000","0x00000000","0x00000000","0x00000000"
"419","0x01A3","AXE2","0x00016F0E","0x00000000","0x000000A7","0x00000000","0x00000000","0x00000000","0x00000000"
"420","0x01A4","SWORD2","0x00105D7F","0x00000000","0x000000AD","0x00000000","0x00000000","0x00000000","0x00000000"
"424","0x01A8","LARWEBEW","0x000A6BD4","0x00000000","0x00000095","0x00000000","0x00000000","0x00000000","0x00000000"
"429","0x01AD","VIVALTER","0x001195D6","0x00000000","0x000000A9","0x00000000","0x00000000","0x00000000","0x00000000"
"433","0x01B1","LITHOS","0x000A8CCF","0x00000000","0x00000E16","0x00000000","0x00000000","0x00000000","0x00000000"
"438","0x01B6","WATER4","0x00124196","0x00000000","0x000000A3","0x00000000","0x00000000","0x00000000","0x00000000"
"439","0x01B7","WATRFALL","0x00124245","0x00000000","0x000000B6","0x00000000","0x00000000","0x00000000","0x00000000"
"440","0x01B8","ANVIL","0x0000AFAD","0x00000000","0x000000A9","0x00000000","0x00000000","0x00000000","0x00000000"
"442","0x01BA","BROCK","0x0004463C","0x00000000","0x00000DC1","0x00000000","0x00000000","0x00000000","0x00000000"
"443","0x01BB","STATUE1","0x000FAC2A","0x00000000","0x000000AA","0x00000000","0x00000000","0x00000000","0x00000000"
"444","0x01BC","KINGBDNS","0x0009F887","0x00000000","0x000000A7","0x00000000","0x00000000","0x00000000","0x00000000"
"445","0x01BD","CANOPY","0x00046AE2","0x00000000","0x000000AA","0x00000000","0x00000000","0x00000000","0x00000000"
"446","0x01BE","CANOPYTP","0x00046C4E","0x00000000","0x000000AA","0x00000000","0x00000000","0x00000000","0x00000000"
"447","0x01BF","CANOPYEW","0x00046B98","0x00000000","0x000000AA","0x00000000","0x00000000","0x00000000","0x00000000"
"448","0x01C0","KINGBDEW","0x0009F7D4","0x00000000","0x000000A7","0x00000000","0x00000000","0x00000000","0x00000000"
"449","0x01C1","OAKTBLNS","0x000C60D9","0x00000000","0x000000A9","0x00000000","0x00000000","0x00000000","0x00000000"
"450","0x01C2","OAKTBLEW","0x000C6024","0x00000000","0x000000A9","0x00000000","0x00000000","0x00000000","0x00000000"
"452","0x01C4","CANDLBRA","0x000468B6","0x00000000","0x0000010C","0x00000000","0x00000000","0x00000000","0x00000000"
"453","0x01C5","TALLCAND","0x00105EF1","0x00000000","0x0000010D","0x00000000","0x00000000","0x00000000","0x00000000"
"454","0x01C6","CANDLE","0x000469CE","0x00000000","0x00000108","0x00000000","0x00000000","0x00000000","0x00000000"
"465","0x01D1","LITLMUSH","0x000A9AF1","0x00000000","0x00000133","0x00000000","0x00000000","0x00000000","0x00000000"
"466","0x01D2","MUSHGRUP","0x000B8DBB","0x00000000","0x00000148","0x00000000","0x00000000","0x00000000","0x00000000"
"471","0x01D7","BROKEN","0x000454C5","0x00000000","0x000000AA","0x00000000","0x00000000","0x00000000","0x00000000"
"473","0x01D9","MOREBROK","0x000B8452","0x00000000","0x000000AA","0x00000000","0x00000000","0x00000000","0x00000000"
"479","0x01DF","MORELAVA","0x000B8A69","0x00000000","0x0000008D","0x00000000","0x00000000","0x00000000","0x00000000"
"481","0x01E1","MINIAIR","0x000B484F","0x00000000","0x000002DD","0x00000000","0x00000000","0x00000000","0x00000000"
"483","0x01E3","BUBLAST","0x00045631","0x00000000","0x000001AC","0x00000000","0x00000000","0x00000000","0x00000000"
"505","0x01F9","WALLSWIT","0x0012382D","0x00000000","0x000002F6","0x00000000","0x00000000","0x00000000","0x00000000"
"509","0x01FD","EYE","0x0007052D","0x00000000","0x000000AA","0x00000000","0x00000000","0x00000000","0x00000000"
"514","0x0202","DEADCLOZ","0x00061882","0x00000000","0x000000B6","0x00000000","0x00000000","0x00000000","0x00000000"
"523","0x020B","ARMOR","0x000129C6","0x00000000","0x000000A9","0x00000000","0x00000000","0x00000000","0x00000000"
"525","0x020D","COLLAPSE","0x000490BD","0x00000000","0x000002F1","0x00000000","0x00000000","0x00000000","0x00000000"
"527","0x020F","SINKING","0x000F55E4","0x00000000","0x00000576","0x00000000","0x00000000","0x00000000","0x00000000"
"529","0x0211","BACKPACK","0x0001707A","0x00000000","0x0000013E","0x00000000","0x00000000","0x00000000","0x00000000"
"530","0x0212","ARMGUARD","0x0001281E","0x00000000","0x000000AE","0x00000000","0x00000000","0x00000000","0x00000000"
"531","0x0213","HELMET","0x00092EE1","0x00000000","0x000000AA","0x00000000","0x00000000","0x00000000","0x00000000"
"532","0x0214","LEGGING","0x000A791A","0x00000000","0x000000AC","0x00000000","0x00000000","0x00000000","0x00000000"
"533","0x0215","ROPE","0x000E6120","0x00000000","0x000000A8","0x00000000","0x00000000","0x00000000","0x00000000"
"534","0x0216","BEDROLL","0x0002166B","0x00000000","0x0000026A","0x00000000","0x00000000","0x00000000","0x00000000"
"535","0x0217","OPNBDROL","0x000C64C0","0x00000000","0x000000E3","0x00000000","0x00000000","0x00000000","0x00000000"
"536","0x0218","CLOTH","0x000486E1","0x00000000","0x000000A9","0x00000000","0x00000000","0x00000000","0x00000000"
"537","0x0219","FOOD","0x00077992","0x00000000","0x00000182","0x00000000","0x00000000","0x00000000","0x00000000"
"538","0x021A","MOREFOOD","0x000B85F4","0x00000000","0x00000469","0x00000000","0x00000000","0x00000000","0x00000000"
"539","0x021B","SHIELD","0x000F4FF5","0x00000000","0x000000AA","0x00000000","0x00000000","0x00000000","0x00000000"
"540","0x021C","HAMMER","0x00092BCE","0x00000000","0x000000AA","0x00000000","0x00000000","0x00000000","0x00000000"
"541","0x021D","SCIMITAR","0x000EA0CA","0x00000000","0x000000AC","0x00000000","0x00000000","0x00000000","0x00000000"
"542","0x021E","SABRE","0x000E61D4","0x00000000","0x000000A9","0x00000000","0x00000000","0x00000000","0x00000000"
"549","0x0225","PLATFORM","0x000DB0CB","0x00000000","0x000003DB","0x00000000","0x00000000","0x00000000","0x00000000"
"550","0x0226","ALTAR","0x000091E9","0x00000000","0x000000A9","0x00000000","0x00000000","0x00000000","0x00000000"
"554","0x022A","BROKCHAR","0x00045409","0x00000000","0x000000B0","0x00000000","0x00000000","0x00000000","0x00000000"
"555","0x022B","BROKSTF1","0x0004557B","0x00000000","0x000000AA","0x00000000","0x00000000","0x00000000","0x00000000"
"562","0x0232","MUSIC","0x000B8FC8","0x00000000","0x000000A9","0x00000000","0x00000000","0x00000000","0x00000000"
"567","0x0237","MORDEABE","0x000B7C46","0x00000000","0x00000628","0x00000000","0x00000000","0x00000000","0x00000000"
"568","0x0238","TORCH","0x0010B969","0x00000000","0x0000015D","0x00000000","0x00000000","0x00000000","0x00000000"
"569","0x0239","FIRESHLD","0x00073745","0x00000000","0x0000020A","0x00000000","0x00000000","0x00000000","0x00000000"
"571","0x023B","VIVDAGR","0x0011968B","0x00000000","0x000000B5","0x00000000","0x00000000","0x00000000","0x00000000"
"572","0x023C","LOTHALT","0x000AEBD1","0x00000000","0x000000AA","0x00000000","0x00000000","0x00000000","0x00000000"
"574","0x023E","GUARDMAN","0x0008AA39","0x00000000","0x00000CB2","0x00000000","0x00000000","0x00000000","0x00000000"
"577","0x0241","CLOTHING","0x0004884D","0x00000000","0x000000AD","0x00000000","0x00000000","0x00000000","0x00000000"
"579","0x0243","GRENADE","0x00082F8F","0x00000000","0x00000251","0x00000000","0x00000000","0x00000000","0x00000000"
"581","0x0245","LAYGHOUL","0x000A7524","0x00000000","0x000000A9","0x00000000","0x00000000","0x00000000","0x00000000"
"582","0x0246","CHOPBLK","0x00048623","0x00000000","0x000000B2","0x00000000","0x00000000","0x00000000","0x00000000"
"586","0x024A","SILVORE","0x000F552A","0x00000000","0x000000AE","0x00000000","0x00000000","0x00000000","0x00000000"
"588","0x024C","FISHNET","0x00076E66","0x00000000","0x000000AF","0x00000000","0x00000000","0x00000000","0x00000000"
"589","0x024D","FISHPOLE","0x00076F21","0x00000000","0x000001AF","0x00000000","0x00000000","0x00000000","0x00000000"
"590","0x024E","LARWEBNS","0x000A6C75","0x00000000","0x00000095","0x00000000","0x00000000","0x00000000","0x00000000"
"591","0x024F","LONGWEB","0x000AE9DA","0x00000000","0x00000095","0x00000000","0x00000000","0x00000000","0x00000000"
"592","0x0250","FGRENADE","0x00070D4E","0x00000000","0x000002F3","0x00000000","0x00000000","0x00000000","0x00000000"
"593","0x0251","EWBIGWEB","0x0006E6F7","0x00000000","0x00000095","0x00000000","0x00000000","0x00000000","0x00000000"
"594","0x0252","NSBIGWEB","0x000C581B","0x00000000","0x00000095","0x00000000","0x00000000","0x00000000","0x00000000"
"595","0x0253","OFFSUP","0x000C6307","0x00000000","0x000001AD","0x00000000","0x00000000","0x00000000","0x00000000"
"596","0x0254","JEWELRY","0x00099EF7","0x00000000","0x00000233","0x00000000","0x00000000","0x00000000","0x00000000"
"597","0x0255","APASTAT","0x0000B12A","0x00000000","0x000000D6","0x00000000","0x00000000","0x00000000","0x00000000"
"598","0x0256","NSSTICKS","0x000C5F6E","0x00000000","0x000000AA","0x00000000","0x00000000","0x00000000","0x00000000"
"599","0x0257","PLAQUENS","0x000D9ADF","0x00000000","0x00000FC5","0x00000000","0x00000000","0x00000000","0x00000000"
"603","0x025B","LAVABUB","0x000A6ED9","0x00000000","0x000000B4","0x00000000","0x00000000","0x00000000","0x00000000"
"605","0x025D","SKULCAND","0x000F5DE1","0x00000000","0x000000B0","0x00000000","0x00000000","0x00000000","0x00000000"
"606","0x025E","LAMP3","0x000A69EC","0x00000000","0x00000128","0x00000000","0x00000000","0x00000000","0x00000000"
"607","0x025F","LOGBOOK","0x000AA2F2","0x00000000","0x00000EEC","0x00000000","0x00000000","0x00000000","0x00000000"
"608","0x0260","DEMNSTAT","0x00061FF0","0x00000000","0x000000B0","0x00000000","0x00000000","0x00000000","0x00000000"
"609","0x0261","FEBARSEW","0x00070828","0x00000000","0x000000AD","0x00000000","0x00000000","0x00000000","0x00000000"
"610","0x0262","FEBARSNS","0x000708E1","0x00000000","0x000000AD","0x00000000","0x00000000","0x00000000","0x00000000"
"611","0x0263","NSSHELF","0x000C5D4C","0x00000000","0x000000A9","0x00000000","0x00000000","0x00000000","0x00000000"
"612","0x0264","NSSHFSID","0x000C5E01","0x00000000","0x000000A9","0x00000000","0x00000000","0x00000000","0x00000000"
"613","0x0265","BASEBOOK","0x0001EC13","0x00000000","0x00001D2E","0x00000000","0x00000000","0x00000000","0x00000000"
"614","0x0266","PLAQUEEW","0x000D9A11","0x00000000","0x000000C2","0x00000000","0x00000000","0x00000000","0x00000000"
"615","0x0267","GRAVEII","0x000816B3","0x00000000","0x000000CB","0x00000000","0x00000000","0x00000000","0x00000000"
"616","0x0268","FLOATIN","0x000774B1","0x00000000","0x000000D9","0x00000000","0x00000000","0x00000000","0x00000000"
"618","0x026A","LCHST_EW","0x000A75D9","0x00000000","0x00000107","0x00000000","0x00000000","0x00000000","0x00000000"
"623","0x026F","NEC1","0x000C3321","0x00000000","0x00002434","0x00000000","0x00000000","0x00000000","0x00000000"
"624","0x0270","MOREFISH","0x000B8508","0x00000000","0x000000E0","0x00000000","0x00000000","0x00000000","0x00000000"
"625","0x0271","SHORTMSH","0x000F5471","0x00000000","0x000000AD","0x00000000","0x00000000","0x00000000","0x00000000"
"626","0x0272","SMALMUSH","0x000F65DE","0x00000000","0x000000AC","0x00000000","0x00000000","0x00000000","0x00000000"
"628","0x0274","INTERN","0x00094A94","0x00000000","0x000000B1","0x00000000","0x00000000","0x00000000","0x00000000"
"629","0x0275","PEDESTAL","0x000D20BE","0x00000000","0x000000AC","0x00000000","0x00000000","0x00000000","0x00000000"
"635","0x027B","KEGNS","0x0009A29C","0x00000000","0x000000A7","0x00000000","0x00000000","0x00000000","0x00000000"
"636","0x027C","MIRROR","0x000B4BEE","0x00000000","0x00000142","0x00000000","0x00000000","0x00000000","0x00000000"
"637","0x027D","BAG","0x000171C4","0x00000000","0x000000DD","0x00000000","0x00000000","0x00000000","0x00000000"
"638","0x027E","BOAT","0x0002E7FC","0x00000000","0x000000A8","0x00000000","0x00000000","0x00000000","0x00000000"
"640","0x0280","ENDLAMP","0x0006A485","0x00000000","0x000000A8","0x00000000","0x00000000","0x00000000","0x00000000"
"641","0x0281","ENDSKUL","0x0006B6F7","0x00000000","0x000000A9","0x00000000","0x00000000","0x00000000","0x00000000"
"642","0x0282","ENDGATE","0x0006A0AB","0x00000000","0x000000A8","0x00000000","0x00000000","0x00000000","0x00000000"
"643","0x0283","OAR","0x000C618E","0x00000000","0x0000008D","0x00000000","0x00000000","0x00000000","0x00000000"
"649","0x0289","EWCROPS","0x0006E850","0x00000000","0x000001AA","0x00000000","0x00000000","0x00000000","0x00000000"
"650","0x028A","NSCROPS","0x000C5974","0x00000000","0x000001AA","0x00000000","0x00000000","0x00000000","0x00000000"
"653","0x028D","DRIPS2","0x00068749","0x00000000","0x000000C8","0x00000000","0x00000000","0x00000000","0x00000000"
"656","0x0290","NSRUNWOD","0x000C5C98","0x00000000","0x000000A8","0x00000000","0x00000000","0x00000000","0x00000000"
"662","0x0296","ENDGATE2","0x0006A15F","0x00000000","0x000000A8","0x00000000","0x00000000","0x00000000","0x00000000"
"663","0x0297","GATESKUL","0x0007BB36","0x00000000","0x000000A9","0x00000000","0x00000000","0x00000000","0x00000000"
"664","0x0298","WELL","0x00124610","0x00000000","0x000000A9","0x00000000","0x00000000","0x00000000","0x00000000"
"665","0x0299","RAINBARL","0x000E0A5F","0x00000000","0x000000AF","0x00000000","0x00000000","0x00000000","0x00000000"
"666","0x029A","NSHOLLOG","0x000C5B2A","0x00000000","0x000000AE","0x00000000","0x00000000","0x00000000","0x00000000"
"667","0x029B","EWHOLLOG","0x0006EA06","0x00000000","0x000000AE","0x00000000","0x00000000","0x00000000","0x00000000"
"672","0x02A0","LEVER","0x000A7C62","0x00000000","0x00000BA3","0x00000000","0x00000000","0x00000000","0x00000000"
"673","0x02A1","LCHST_NS","0x000A76EC","0x00000000","0x00000107","0x00000000","0x00000000","0x00000000","0x00000000"
"674","0x02A2","BURNDOUT","0x0004591B","0x00000000","0x000000B3","0x00000000","0x00000000","0x00000000","0x00000000"
"684","0x02AC","BIGDEMST","0x0002E152","0x00000000","0x000000B1","0x00000000","0x00000000","0x00000000","0x00000000"
"685","0x02AD","BGATE","0x0002DF32","0x00000000","0x00000214","0x00000000","0x00000000","0x00000000","0x00000000"
"686","0x02AE","ENDPLATE","0x0006A7FC","0x00000000","0x00000731","0x00000000","0x00000000","0x00000000","0x00000000"
"687","0x02AF","APPEAR","0x0000B20C","0x00000000","0x000002F0","0x00000000","0x00000000","0x00000000","0x00000000"
"690","0x02B2","NSLAMPTP","0x000C5BE4","0x00000000","0x000000A8","0x00000000","0x00000000","0x00000000","0x00000000"
"691","0x02B3","EWLAMPTP","0x0006EAC0","0x00000000","0x000000A8","0x00000000","0x00000000","0x00000000","0x00000000"
"694","0x02B6","PULCHNNS","0x000DC161","0x00000000","0x000000AF","0x00000000","0x00000000","0x00000000","0x00000000"
"695","0x02B7","PULCHNEW","0x000DC0A6","0x00000000","0x000000AF","0x00000000","0x00000000","0x00000000","0x00000000"
"696","0x02B8","MISSTRAP","0x000B4D3C","0x00000000","0x00000219","0x00000000","0x00000000","0x00000000","0x00000000"
"697","0x02B9","FIREMISS","0x00072BCA","0x00000000","0x0000013C","0x00000000","0x00000000","0x00000000","0x00000000"
"699","0x02BB","PUDDLE","0x000DBFC8","0x00000000","0x000000D2","0x00000000","0x00000000","0x00000000","0x00000000"
"700","0x02BC","MORDSTAT","0x000B8392","0x00000000","0x000000B4","0x00000000","0x00000000","0x00000000","0x00000000"
"702","0x02BE","DARTBORD","0x000617C8","0x00000000","0x000000AE","0x00000000","0x00000000","0x00000000","0x00000000"
"703","0x02BF","FIREGLOB","0x0007208F","0x00000000","0x000000AE","0x00000000","0x00000000","0x00000000","0x00000000"
"706","0x02C2","MISTRAPE","0x000B4F61","0x00000000","0x00000219","0x00000000","0x00000000","0x00000000","0x00000000"
"707","0x02C3","PESANT1","0x000D7533","0x00000000","0x00000B19","0x00000000","0x00000000","0x00000000","0x00000000"
"708","0x02C4","CHILD","0x00047AEE","0x00000000","0x00000A0C","0x00000000","0x00000000","0x00000000","0x00000000"
"709","0x02C5","AXEBLADE","0x00016FC1","0x00000000","0x000000AD","0x00000000","0x00000000","0x00000000","0x00000000"
"712","0x02C8","SFX","0x000ED498","0x00000000","0x000001BA","0x00000000","0x00000000","0x00000000","0x00000000"
"719","0x02CF","HAY","0x00092D40","0x00000000","0x000000A7","0x00000000","0x00000000","0x00000000","0x00000000"
"720","0x02D0","STRAW","0x00105C15","0x00000000","0x000000A9","0x00000000","0x00000000","0x00000000","0x00000000"
"721","0x02D1","CHIMNEY","0x00048506","0x00000000","0x00000111","0x00000000","0x00000000","0x00000000","0x00000000"
"722","0x02D2","SHCHIMNE","0x000F4EE8","0x00000000","0x00000101","0x00000000","0x00000000","0x00000000","0x00000000"
"723","0x02D3","STOVPIPE","0x001041A5","0x00000000","0x00000105","0x00000000","0x00000000","0x00000000","0x00000000"
"724","0x02D4","FIREPLAC","0x00072F24","0x00000000","0x000000AD","0x00000000","0x00000000","0x00000000","0x00000000"
"731","0x02DB","DUMMY","0x000688D2","0x00000000","0x000000A9","0x00000000","0x00000000","0x00000000","0x00000000"
"735","0x02DF","HIDPAD","0x00092F97","0x00000000","0x0000011D","0x00000000","0x00000000","0x00000000","0x00000000"
"739","0x02E3","FISHBONZ","0x00076B91","0x00000000","0x000000AE","0x00000000","0x00000000","0x00000000","0x00000000"
"745","0x02E9","VANISH","0x001108AB","0x00000000","0x000002F5","0x00000000","0x00000000","0x00000000","0x00000000"
"746","0x02EA","ERTHITEM","0x0006BA06","0x00000000","0x000003AD","0x00000000","0x00000000","0x00000000","0x00000000"
"748","0x02EC","DANGEREW","0x0005AC26","0x00000000","0x000001F0","0x00000000","0x00000000","0x00000000","0x00000000"
"749","0x02ED","DANGERNS","0x0005AE22","0x00000000","0x000001F0","0x00000000","0x00000000","0x00000000","0x00000000"
"750","0x02EE","DEATHDIS","0x00061BA3","0x00000000","0x00000389","0x00000000","0x00000000","0x00000000","0x00000000"
"753","0x02F1","POTPLANT","0x000DBD0C","0x00000000","0x00000144","0x00000000","0x00000000","0x00000000","0x00000000"
"754","0x02F2","LOTHLAY","0x000AED3D","0x00000000","0x000001A4","0x00000000","0x00000000","0x00000000","0x00000000"
"755","0x02F3","LAVASINK","0x000A6F99","0x00000000","0x0000057F","0x00000000","0x00000000","0x00000000","0x00000000"
"756","0x02F4","TRAP","0x0010F9E5","0x00000000","0x00000102","0x00000000","0x00000000","0x00000000","0x00000000"
"759","0x02F7","FIRESWMP","0x000766E6","0x00000000","0x00000151","0x00000000","0x00000000","0x00000000","0x00000000"
"760","0x02F8","GEMOFPRO","0x0007BBEB","0x00000000","0x000000BA","0x00000000","0x00000000","0x00000000","0x00000000"
"761","0x02F9","SCREAMER","0x000EA249","0x00000000","0x0000016B","0x00000000","0x00000000","0x00000000","0x00000000"
"766","0x02FE","POTION","0x000DB566","0x00000000","0x0000079A","0x00000000","0x00000000","0x00000000","0x00000000"
"770","0x0302","SHOOTER","0x000F50AB","0x00000000","0x000003BA","0x00000000","0x00000000","0x00000000","0x00000000"
"771","0x0303","STMITE","0x00103BBF","0x00000000","0x000001BC","0x00000000","0x00000000","0x00000000","0x00000000"
"778","0x030A","FIREPUZ","0x000731BB","0x00000000","0x000003C9","0x00000000","0x00000000","0x00000000","0x00000000"
"780","0x030C","STANSTON","0x000FAAC4","0x00000000","0x000000A4","0x00000000","0x00000000","0x00000000","0x00000000"
"785","0x0311","POLE","0x000DB4B2","0x00000000","0x000000A8","0x00000000","0x00000000","0x00000000","0x00000000"
"793","0x0319","EBROCK","0x0006957A","0x00000000","0x000001BD","0x00000000","0x00000000","0x00000000","0x00000000"
"794","0x031A","FIRESHRO","0x0007395B","0x00000000","0x00000169","0x00000000","0x00000000","0x00000000","0x00000000"
"795","0x031B","SPITTER","0x000FA07E","0x00000000","0x00000274","0x00000000","0x00000000","0x00000000","0x00000000"
"796","0x031C","FALLROCK","0x000705E3","0x00000000","0x000000E3","0x00000000","0x00000000","0x00000000","0x00000000"
"798","0x031E","TOSSROCK","0x0010F7A2","0x00000000","0x000000A8","0x00000000","0x00000000","0x00000000","0x00000000"
"804","0x0324","FIREBOMB","0x00071BFB","0x00000000","0x0000013A","0x00000000","0x00000000","0x00000000","0x00000000"
"806","0x0326","RAT","0x000E0B1A","0x00000000","0x00000126","0x00000000","0x00000000","0x00000000","0x00000000"
"807","0x0327","SPIDER","0x000F9C59","0x00000000","0x00000126","0x00000000","0x00000000","0x00000000","0x00000000"
"809","0x0329","GIRLSSTU","0x0007C1CE","0x00000000","0x00000205","0x00000000","0x00000000","0x00000000","0x00000000"
"810","0x032A","STATUET","0x000FACE0","0x00000000","0x000000AD","0x00000000","0x00000000","0x00000000","0x00000000"
"811","0x032B","TOYS","0x0010F856","0x00000000","0x00000183","0x00000000","0x00000000","0x00000000","0x00000000"
"812","0x032C","CUSION","0x0004F921","0x00000000","0x000000AB","0x00000000","0x00000000","0x00000000","0x00000000"
"813","0x032D","FAN","0x000706D2","0x00000000","0x0000014A","0x00000000","0x00000000","0x00000000","0x00000000"
"814","0x032E","SKULLHEA","0x000F5E9D","0x00000000","0x000001ED","0x00000000","0x00000000","0x00000000","0x00000000"
"815","0x032F","HAMOSTR","0x00092C84","0x00000000","0x000000B0","0x00000000","0x00000000","0x00000000","0x00000000"
"816","0x0330","SLAYER","0x000F6252","0x00000000","0x000000AA","0x00000000","0x00000000","0x00000000","0x00000000"
"817","0x0331","FLAMSTNG","0x00077170","0x00000000","0x000000AF","0x00000000","0x00000000","0x00000000","0x00000000"
"818","0x0332","PROTECTR","0x000DBF0F","0x00000000","0x000000AD","0x00000000","0x00000000","0x00000000","0x00000000"
"819","0x0333","BLADSTRK","0x0002E405","0x00000000","0x000000B5","0x00000000","0x00000000","0x00000000","0x00000000"
"820","0x0334","KORGFANG","0x0009F9EE","0x00000000","0x000000B2","0x00000000","0x00000000","0x00000000","0x00000000"
"821","0x0335","SCIMOKG","0x000EA182","0x00000000","0x000000BB","0x00000000","0x00000000","0x00000000","0x00000000"
"822","0x0336","DECEIVER","0x00061F38","0x00000000","0x000000AC","0x00000000","0x00000000","0x00000000","0x00000000"
"823","0x0337","CLOTHES","0x00048796","0x00000000","0x000000AB","0x00000000","0x00000000","0x00000000","0x00000000"
"824","0x0338","BUG","0x000457E9","0x00000000","0x00000126","0x00000000","0x00000000","0x00000000","0x00000000"
"826","0x033A","FLORSPIK","0x000776E8","0x00000000","0x000001E1","0x00000000","0x00000000","0x00000000","0x00000000"
"827","0x033B","MAGSCROL","0x000AF7FE","0x00000000","0x00000479","0x00000000","0x00000000","0x00000000","0x00000000"
"828","0x033C","AORTA","0x0000B062","0x00000000","0x000000BC","0x00000000","0x00000000","0x00000000","0x00000000"
"829","0x033D","BATHSTUF","0x00020F52","0x00000000","0x00000233","0x00000000","0x00000000","0x00000000","0x00000000"
"830","0x033E","BLANKETS","0x0002E6D3","0x00000000","0x0000011D","0x00000000","0x00000000","0x00000000","0x00000000"
"831","0x033F","DESKPICT","0x00062336","0x00000000","0x000000AC","0x00000000","0x00000000","0x00000000","0x00000000"
"832","0x0340","TRING","0x00110387","0x00000000","0x000000B1","0x00000000","0x00000000","0x00000000","0x00000000"
"833","0x0341","RECALL","0x000E0C4C","0x00000000","0x000003FB","0x00000000","0x00000000","0x00000000","0x00000000"
"834","0x0342","TROWEL","0x0011071F","0x00000000","0x00000180","0x00000000","0x00000000","0x00000000","0x00000000"
"835","0x0343","PESANT2","0x000D8058","0x00000000","0x0000095A","0x00000000","0x00000000","0x00000000","0x00000000"
"836","0x0344","PESANT3","0x000D89BE","0x00000000","0x00000D70","0x00000000","0x00000000","0x00000000","0x00000000"
"837","0x0345","LITZAPNS","0x000A9E9D","0x00000000","0x00000261","0x00000000","0x00000000","0x00000000","0x00000000"
"838","0x0346","FIREWOOD","0x00076843","0x00000000","0x000000AC","0x00000000","0x00000000","0x00000000","0x00000000"
"839","0x0347","BOOKBLOO","0x0003C3D3","0x00000000","0x000000A9","0x00000000","0x00000000","0x00000000","0x00000000"
"840","0x0348","METEOR","0x000B3146","0x00000000","0x000000D2","0x00000000","0x00000000","0x00000000","0x00000000"
"841","0x0349","MAGARM","0x000AF055","0x00000000","0x000004AA","0x00000000","0x00000000","0x00000000","0x00000000"
"842","0x034A","MAGSHLD","0x000AFC83","0x00000000","0x000000B0","0x00000000","0x00000000","0x00000000","0x00000000"
"843","0x034B","MAGHELM","0x000AF686","0x00000000","0x000000AE","0x00000000","0x00000000","0x00000000","0x00000000"
"844","0x034C","MAGARMS","0x000AF5C6","0x00000000","0x000000B4","0x00000000","0x00000000","0x00000000","0x00000000"
"845","0x034D","MAGLEGS","0x000AF740","0x00000000","0x000000B2","0x00000000","0x00000000","0x00000000","0x00000000"
"850","0x0352","LIGTZAP","0x000A8A27","0x00000000","0x000001AE","0x00000000","0x00000000","0x00000000","0x00000000"
"1025","0x0401","AVATAR","0x00012B69","0x00000000","0x000042E6","0x00000000","0x00000000","0x00000000","0x00000000"
"1026","0x0402","DEVON","0x000623EE","0x00000000","0x00005202","0x00000000","0x00000000","0x00000000","0x00000000"
"1027","0x0403","SALKIND","0x000E6289","0x00000000","0x0000312C","0x00000000","0x00000000","0x00000000","0x00000000"
"1028","0x0404","GUARD1","0x00084B52","0x00000000","0x00001199","0x00000000","0x00000000","0x00000000","0x00000000"
"1029","0x0405","DARION","0x0005B01E","0x00000000","0x000062DA","0x00000000","0x00000000","0x00000000","0x00000000"
"1031","0x0407","MORDEA","0x000B5488","0x00000000","0x000027B2","0x00000000","0x00000000","0x00000000","0x00000000"
"1032","0x0408","TARNA","0x0010636E","0x00000000","0x00004499","0x00000000","0x00000000","0x00000000","0x00000000"
"1033","0x0409","KORICK","0x0009FAAC","0x00000000","0x00006C0D","0x00000000","0x00000000","0x00000000","0x00000000"
"1034","0x040A","ORLOK","0x000C65AF","0x00000000","0x0000B998","0x00000000","0x00000000","0x00000000","0x00000000"
"1035","0x040B","GUARD3","0x00087034","0x00000000","0x0000089F","0x00000000","0x00000000","0x00000000","0x00000000"
"1036","0x040C","BENTIC","0x00021B1B","0x00000000","0x00003D2B","0x00000000","0x00000000","0x00000000","0x00000000"
"1037","0x040D","ARAMINA","0x0000B508","0x00000000","0x00004D84","0x00000000","0x00000000","0x00000000","0x00000000"
"1038","0x040E","GWILLIM","0x0008CF4F","0x00000000","0x00005C73","0x00000000","0x00000000","0x00000000","0x00000000"
"1039","0x040F","CORINTH","0x00049710","0x00000000","0x0000609B","0x00000000","0x00000000","0x00000000","0x00000000"
"1040","0x0410","KILANDRA","0x0009B7A9","0x00000000","0x0000401F","0x00000000","0x00000000","0x00000000","0x00000000"
"1042","0x0412","RHIAN","0x000E11EE","0x00000000","0x00004F26","0x00000000","0x00000000","0x00000000","0x00000000"
"1043","0x0413","SHAANA","0x000F0916","0x00000000","0x000045C6","0x00000000","0x00000000","0x00000000","0x00000000"
"1045","0x0415","VIVIDOS","0x0011974C","0x00000000","0x0000A0D5","0x00000000","0x00000000","0x00000000","0x00000000"
"1046","0x0416","CYRRUS","0x0004F9D8","0x00000000","0x000053E8","0x00000000","0x00000000","0x00000000","0x00000000"
"1047","0x0417","STELLOS","0x000FAD99","0x00000000","0x00006396","0x00000000","0x00000000","0x00000000","0x00000000"
"1048","0x0418","JENNA","0x00094CFE","0x00000000","0x000051ED","0x00000000","0x00000000","0x00000000","0x00000000"
"1049","0x0419","XAVIER","0x00124E9B","0x00000000","0x00007FD2","0x00000000","0x00000000","0x00000000","0x00000000"
"1050","0x041A","TORWIN","0x0010BD0A","0x00000000","0x00003984","0x00000000","0x00000000","0x00000000","0x00000000"
"1051","0x041B","MALCHIR","0x000AFD3F","0x00000000","0x00000C51","0x00000000","0x00000000","0x00000000","0x00000000"
"1052","0x041C","VARDION","0x00110BAC","0x00000000","0x000057A8","0x00000000","0x00000000","0x00000000","0x00000000"
"1053","0x041D","BANE","0x000172AD","0x00000000","0x000058EF","0x00000000","0x00000000","0x00000000","0x00000000"
"1055","0x041F","GORGROND","0x0007CB18","0x00000000","0x000049DE","0x00000000","0x00000000","0x00000000","0x00000000"
"1056","0x0420","BEREN","0x00025852","0x00000000","0x000078E1","0x00000000","0x00000000","0x00000000","0x00000000"
"1057","0x0421","MYTHRAN","0x000B91F0","0x00000000","0x0000A125","0x00000000","0x00000000","0x00000000","0x00000000"
"1069","0x042D","GUARD2","0x00086302","0x00000000","0x00000D26","0x00000000","0x00000000","0x00000000","0x00000000"
"1070","0x042E","GUARD4","0x000878DF","0x00000000","0x00000894","0x00000000","0x00000000","0x00000000","0x00000000"
"1071","0x042F","GUARD5","0x0008817F","0x00000000","0x000007C5","0x00000000","0x00000000","0x00000000","0x00000000"
"1072","0x0430","GUARD6","0x00088950","0x00000000","0x000007E6","0x00000000","0x00000000","0x00000000","0x00000000"
"1073","0x0431","GUARD7","0x00089142","0x00000000","0x000006E6","0x00000000","0x00000000","0x00000000","0x00000000"
"1074","0x0432","GUARD8","0x00089834","0x00000000","0x00000885","0x00000000","0x00000000","0x00000000","0x00000000"
"1075","0x0433","GUARD9","0x0008A0C5","0x00000000","0x0000089C","0x00000000","0x00000000","0x00000000","0x00000000"
"1076","0x0434","CARDAS","0x00046D04","0x00000000","0x00000131","0x00000000","0x00000000","0x00000000","0x00000000"
"1077","0x0435","MENTAR","0x000B3009","0x00000000","0x00000131","0x00000000","0x00000000","0x00000000","0x00000000"
"1078","0x0436","DAEMOS","0x00054DCC","0x00000000","0x00000131","0x00000000","0x00000000","0x00000000","0x00000000"
"1079","0x0437","TALLON","0x0010600A","0x00000000","0x00000131","0x00000000","0x00000000","0x00000000","0x00000000"
"1080","0x0438","KOTHIUS","0x000A66C5","0x00000000","0x00000133","0x00000000","0x00000000","0x00000000","0x00000000"
"1081","0x0439","ARCADION","0x00010298","0x00000000","0x0000257A","0x00000000","0x00000000","0x00000000","0x00000000"
"1082","0x043A","EVILSORC","0x0006E55F","0x00000000","0x0000018C","0x00000000","0x00000000","0x00000000","0x00000000"
"1083","0x043B","GUARD_EW","0x0008B8D5","0x00000000","0x0000166E","0x00000000","0x00000000","0x00000000","0x00000000"
"1084","0x043C","EMRICHOL","0x000698BB","0x00000000","0x00000135","0x00000000","0x00000000","0x00000000","0x00000000"
"1085","0x043D","GUARD10","0x00085CF7","0x00000000","0x000005FF","0x00000000","0x00000000","0x00000000","0x00000000"
"1152","0x0480","MAPTELE","0x000B099C","0x00000000","0x000004CF","0x00000000","0x00000000","0x00000000","0x00000000"
"1153","0x0481","MONEGG","0x000B5186","0x00000000","0x00000142","0x00000000","0x00000000","0x00000000","0x00000000"
"1154","0x0482","BARENTRY","0x0001E98C","0x00000000","0x000000C7","0x00000000","0x00000000","0x00000000","0x00000000"
"1155","0x0483","EXCUTION","0x0006ED97","0x00000000","0x0000178A","0x00000000","0x00000000","0x00000000","0x00000000"
"1156","0x0484","STRATHAT","0x001042B6","0x00000000","0x000003C1","0x00000000","0x00000000","0x00000000","0x00000000"
"1157","0x0485","TOMB","0x0010B5EE","0x00000000","0x00000204","0x00000000","0x00000000","0x00000000","0x00000000"
"1158","0x0486","LITHHAT","0x000A8BE1","0x00000000","0x000000E2","0x00000000","0x00000000","0x00000000","0x00000000"
"1159","0x0487","CARTHAXH","0x00046E41","0x00000000","0x000000CE","0x00000000","0x00000000","0x00000000","0x00000000"
"1160","0x0488","HYDHAT","0x0009335E","0x00000000","0x000000FB","0x00000000","0x00000000","0x00000000","0x00000000"
"1161","0x0489","AIRTEST1","0x00008ACF","0x00000000","0x0000070E","0x00000000","0x00000000","0x00000000","0x00000000"
"1162","0x048A","BRKWIND","0x000444EC","0x00000000","0x00000144","0x00000000","0x00000000","0x00000000","0x00000000"
"1163","0x048B","ANCTONES","0x000096CE","0x00000000","0x000018D3","0x00000000","0x00000000","0x00000000","0x00000000"
"1166","0x048E","TORWINJU","0x0010F69A","0x00000000","0x000000FC","0x00000000","0x00000000","0x00000000","0x00000000"
"1167","0x048F","LEAPFAIT","0x000A77FF","0x00000000","0x0000010F","0x00000000","0x00000000","0x00000000","0x00000000"
"1168","0x0490","BLANK03","0x0002E4C6","0x00000000","0x00000201","0x00000000","0x00000000","0x00000000","0x00000000"
"1169","0x0491","ENDPYRO","0x0006AF39","0x00000000","0x000007B2","0x00000000","0x00000000","0x00000000","0x00000000"
"1173","0x0495","MORDHAT","0x000B827A","0x00000000","0x0000010C","0x00000000","0x00000000","0x00000000","0x00000000"
"1175","0x0497","FORTOPEN","0x00077D32","0x00000000","0x000001A2","0x00000000","0x00000000","0x00000000","0x00000000"
"1176","0x0498","FORTCLOS","0x00077B20","0x00000000","0x00000206","0x00000000","0x00000000","0x00000000","0x00000000"
"1178","0x049A","CEMHAT","0x000470F4","0x00000000","0x0000053D","0x00000000","0x00000000","0x00000000","0x00000000"
"1180","0x049C","BARRKILL","0x0001EB4B","0x00000000","0x000000BC","0x00000000","0x00000000","0x00000000","0x00000000"
"1181","0x049D","STALEGG","0x000FA97F","0x00000000","0x00000139","0x00000000","0x00000000","0x00000000","0x00000000"
"1182","0x049E","EARTHEGG","0x00068987","0x00000000","0x000005EC","0x00000000","0x00000000","0x00000000","0x00000000"
"1183","0x049F","ENDLITH","0x0006A539","0x00000000","0x000002B7","0x00000000","0x00000000","0x00000000","0x00000000"
"1184","0x04A0","STMEGG","0x00103AA0","0x00000000","0x00000113","0x00000000","0x00000000","0x00000000","0x00000000"
"1185","0x04A1","GUARDEGG","0x0008A96D","0x00000000","0x000000C0","0x00000000","0x00000000","0x00000000","0x00000000"
"1187","0x04A3","FIRST","0x000768FB","0x00000000","0x00000122","0x00000000","0x00000000","0x00000000","0x00000000"
"1188","0x04A4","FISHEGG","0x00076C4B","0x00000000","0x0000020F","0x00000000","0x00000000","0x00000000","0x00000000"
"1189","0x04A5","ENDSTRAT","0x0006B7AC","0x00000000","0x0000024E","0x00000000","0x00000000","0x00000000","0x00000000"
"1190","0x04A6","ENDHYDRO","0x0006A213","0x00000000","0x00000266","0x00000000","0x00000000","0x00000000","0x00000000"
"1191","0x04A7","BERENHCH","0x0002D13F","0x00000000","0x00000DE7","0x00000000","0x00000000","0x00000000","0x00000000"
"1192","0x04A8","INTERG","0x000949D0","0x00000000","0x000000B8","0x00000000","0x00000000","0x00000000","0x00000000"
"1193","0x04A9","REGWIPER","0x000E1053","0x00000000","0x0000018F","0x00000000","0x00000000","0x00000000","0x00000000"
"1194","0x04AA","DOOREGG","0x000675FC","0x00000000","0x000002AE","0x00000000","0x00000000","0x00000000","0x00000000"
"1195","0x04AB","GHOSTEGG","0x0007BD66","0x00000000","0x00000170","0x00000000","0x00000000","0x00000000","0x00000000"
"1196","0x04AC","GHOULEGG","0x0007C051","0x00000000","0x00000171","0x00000000","0x00000000","0x00000000","0x00000000"
"1197","0x04AD","SKELEGG","0x000F5B66","0x00000000","0x000001B7","0x00000000","0x00000000","0x00000000","0x00000000"
"1200","0x04B0","GLOBSWAP","0x0007C3DF","0x00000000","0x000002EB","0x00000000","0x00000000","0x00000000","0x00000000"
"1201","0x04B1","SKULTOSS","0x000F6096","0x00000000","0x000000FB","0x00000000","0x00000000","0x00000000","0x00000000"
"1202","0x04B2","PALEGG","0x000D2007","0x00000000","0x000000AB","0x00000000","0x00000000","0x00000000","0x00000000"
"1203","0x04B3","GUARDMEG","0x0008B6F7","0x00000000","0x000001D2","0x00000000","0x00000000","0x00000000","0x00000000"
"1204","0x04B4","TRIALHAT","0x0010FBA7","0x00000000","0x000007D4","0x00000000","0x00000000","0x00000000","0x00000000"
"1205","0x04B5","SORCHAT","0x000F8C8E","0x00000000","0x000003D7","0x00000000","0x00000000","0x00000000","0x00000000"
"1206","0x04B6","PESANTSI","0x000D9874","0x00000000","0x00000191","0x00000000","0x00000000","0x00000000","0x00000000"
"1207","0x04B7","PESANTLE","0x000D973A","0x00000000","0x0000012E","0x00000000","0x00000000","0x00000000","0x00000000"
"1210","0x04BA","LOCKDOOR","0x000AA10A","0x00000000","0x000001DC","0x00000000","0x00000000","0x00000000","0x00000000"
"1211","0x04BB","MONFAST","0x000B52D4","0x00000000","0x000001A8","0x00000000","0x00000000","0x00000000","0x00000000"
"1212","0x04BC","THURGEGG","0x0010AC31","0x00000000","0x0000014A","0x00000000","0x00000000","0x00000000","0x00000000"
"1213","0x04BD","AFTERNEC","0x00004FC2","0x00000000","0x0000009B","0x00000000","0x00000000","0x00000000","0x00000000"
"1214","0x04BE","MELSDOOR","0x000B2EDB","0x00000000","0x00000122","0x00000000","0x00000000","0x00000000","0x00000000"
"1215","0x04BF","TELPFLAG","0x0010AAD2","0x00000000","0x00000153","0x00000000","0x00000000","0x00000000","0x00000000"
"1216","0x04C0","GRAVEGG","0x00081502","0x00000000","0x000001A5","0x00000000","0x00000000","0x00000000","0x00000000"
"1217","0x04C1","CATAPORT","0x00046F1B","0x00000000","0x00000115","0x00000000","0x00000000","0x00000000","0x00000000"
"1218","0x04C2","GASP","0x0007BA76","0x00000000","0x000000B4","0x00000000","0x00000000","0x00000000","0x00000000"
"1219","0x04C3","FIGHT","0x0007104D","0x00000000","0x000008EF","0x00000000","0x00000000","0x00000000","0x00000000"
"1220","0x04C4","EGHOUL","0x00069743","0x00000000","0x0000016C","0x00000000","0x00000000","0x00000000","0x00000000"
"1222","0x04C6","MYTHAUS","0x000B907D","0x00000000","0x00000167","0x00000000","0x00000000","0x00000000","0x00000000"
"1223","0x04C7","BOOKEGG","0x0003C488","0x00000000","0x000000C8","0x00000000","0x00000000","0x00000000","0x00000000"
"1224","0x04C8","CEMHAT2","0x0004763D","0x00000000","0x000000D4","0x00000000","0x00000000","0x00000000","0x00000000"
"1225","0x04C9","CONTWATR","0x000493BA","0x00000000","0x0000034A","0x00000000","0x00000000","0x00000000","0x00000000"
"1389","0x056D","WATRSPEL","0x00124307","0x00000000","0x0000018A","0x00000000","0x00000000","0x00000000","0x00000000"
"1390","0x056E","WATER","0x00123D0B","0x00000000","0x0000047F","0x00000000","0x00000000","0x00000000","0x00000000"
"1391","0x056F","VARDION2","0x00116360","0x00000000","0x000031B6","0x00000000","0x00000000","0x00000000","0x00000000"
"1392","0x0570","TELEPAD","0x0010A9CB","0x00000000","0x000000FB","0x00000000","0x00000000","0x00000000","0x00000000"
"1393","0x0571","STORM","0x00103D87","0x00000000","0x00000412","0x00000000","0x00000000","0x00000000","0x00000000"
"1394","0x0572","STEVBOOK","0x0010113B","0x00000000","0x00002959","0x00000000","0x00000000","0x00000000","0x00000000"
"1395","0x0573","STAIR","0x000FA3B3","0x00000000","0x00000360","0x00000000","0x00000000","0x00000000","0x00000000"
"1396","0x0574","SPELCMBT","0x000F9071","0x00000000","0x00000BDC","0x00000000","0x00000000","0x00000000","0x00000000"
"1397","0x0575","SORCERER","0x000F6696","0x00000000","0x000025EC","0x00000000","0x00000000","0x00000000","0x00000000"
"1398","0x0576","SLIDER","0x000F6308","0x00000000","0x000002CA","0x00000000","0x00000000","0x00000000","0x00000000"
"1399","0x0577","SGBOOK","0x000ED716","0x00000000","0x000031F4","0x00000000","0x00000000","0x00000000","0x00000000"
"1400","0x0578","SEED","0x000ED408","0x00000000","0x00000084","0x00000000","0x00000000","0x00000000","0x00000000"
"1401","0x0579","SCROLL2","0x000EBF5D","0x00000000","0x0000149F","0x00000000","0x00000000","0x00000000","0x00000000"
"1402","0x057A","SCROLL1","0x000EA3C0","0x00000000","0x00001B91","0x00000000","0x00000000","0x00000000","0x00000000"
"1403","0x057B","MOVE","0x000B8B02","0x00000000","0x000001F4","0x00000000","0x00000000","0x00000000","0x00000000"
"1404","0x057C","METHOD","0x000B3224","0x00000000","0x0000161F","0x00000000","0x00000000","0x00000000","0x00000000"
"1405","0x057D","MELBOOK","0x000B112B","0x00000000","0x00001DA4","0x00000000","0x00000000","0x00000000","0x00000000"
"1406","0x057E","LOGBOOK4","0x000AD38A","0x00000000","0x00001436","0x00000000","0x00000000","0x00000000","0x00000000"
"1407","0x057F","LOGBOOK3","0x000ABDED","0x00000000","0x00001591","0x00000000","0x00000000","0x00000000","0x00000000"
"1408","0x0580","LOGBOOK2","0x000AB1EA","0x00000000","0x00000BF7","0x00000000","0x00000000","0x00000000","0x00000000"
"1409","0x0581","FREE","0x00077EE0","0x00000000","0x000038B8","0x00000000","0x00000000","0x00000000","0x00000000"
"1410","0x0582","FLAGS","0x000770DC","0x00000000","0x00000088","0x00000000","0x00000000","0x00000000","0x00000000"
"1411","0x0583","FIRESPEL","0x00073AD0","0x00000000","0x00002B5F","0x00000000","0x00000000","0x00000000","0x00000000"
"1412","0x0584","FIRE","0x00071948","0x00000000","0x000002A7","0x00000000","0x00000000","0x00000000","0x00000000"
"1413","0x0585","ETHRSPEL","0x0006D80C","0x00000000","0x00000D47","0x00000000","0x00000000","0x00000000","0x00000000"
"1414","0x0586","ERTHSPEL","0x0006C0DB","0x00000000","0x000013EE","0x00000000","0x00000000","0x00000000","0x00000000"
"1415","0x0587","ENCHANT","0x000699FC","0x00000000","0x000006A3","0x00000000","0x00000000","0x00000000","0x00000000"
"1416","0x0588","EARTHMAG","0x00068F7F","0x00000000","0x000005EF","0x00000000","0x00000000","0x00000000","0x00000000"
"1417","0x0589","DAEMSPEL","0x00059389","0x00000000","0x0000158F","0x00000000","0x00000000","0x00000000","0x00000000"
"1418","0x058A","DAEMSCEN","0x00054F09","0x00000000","0x00004474","0x00000000","0x00000000","0x00000000","0x00000000"
"1419","0x058B","CALGUARD","0x000459DA","0x00000000","0x00000CC9","0x00000000","0x00000000","0x00000000","0x00000000"
"1420","0x058C","BRIBOOK6","0x0004342E","0x00000000","0x000010B2","0x00000000","0x00000000","0x00000000","0x00000000"
"1421","0x058D","BRIBOOK5","0x0004311B","0x00000000","0x00000307","0x00000000","0x00000000","0x00000000","0x00000000"
"1422","0x058E","BRIBOOK4","0x00042EAF","0x00000000","0x00000260","0x00000000","0x00000000","0x00000000","0x00000000"
"1423","0x058F","BRIBOOK3","0x00042AFD","0x00000000","0x000003A6","0x00000000","0x00000000","0x00000000","0x00000000"
"1424","0x0590","BRIBOOK2","0x00042740","0x00000000","0x000003B1","0x00000000","0x00000000","0x00000000","0x00000000"
"1425","0x0591","BRIBOOK","0x00041754","0x00000000","0x00000FE0","0x00000000","0x00000000","0x00000000","0x00000000"
"1426","0x0592","BOOKMARK","0x0003C55C","0x00000000","0x000047C9","0x00000000","0x00000000","0x00000000","0x00000000"
"1427","0x0593","BOOK1","0x0002F516","0x00000000","0x0000CEB1","0x00000000","0x00000000","0x00000000","0x00000000"
"1428","0x0594","BODYPART","0x0002E8B0","0x00000000","0x00000790","0x00000000","0x00000000","0x00000000","0x00000000"
"1429","0x0595","BANE2","0x0001CBA8","0x00000000","0x00001DD8","0x00000000","0x00000000","0x00000000","0x00000000"
"1430","0x0596","AIRSPEL","0x000056BC","0x00000000","0x00003407","0x00000000","0x00000000","0x00000000","0x00000000"
